[
  {
    "city": "London", 
    "lat": "51.5072", 
    "lng": "-0.1275", 
    "country": "United Kingdom", 
    "iso2": "GB", 
    "admin_name": "London, City of", 
    "capital": "primary", 
    "population": "11262000", 
    "population_proper": "8825001"
  }, 
  {
    "city": "Birmingham", 
    "lat": "52.4800", 
    "lng": "-1.9025", 
    "country": "United Kingdom", 
    "iso2": "GB", 
    "admin_name": "Birmingham", 
    "capital": "", 
    "population": "2919600", 
    "population_proper": "1137100"
  }, 
  {
    "city": "Portsmouth", 
    "lat": "50.8058", 
    "lng": "-1.0872", 
    "country": "United Kingdom", 
    "iso2": "GB", 
    "admin_name": "Portsmouth", 
    "capital": "", 
    "population": "855679", 
    "population_proper": "248440"
  }, 
  {
    "city": "Southampton", 
    "lat": "50.9025", 
    "lng": "-1.4042", 
    "country": "United Kingdom", 
    "iso2": "GB", 
    "admin_name": "Southampton", 
    "capital": "", 
    "population": "855569", 
    "population_proper": "271173"
  }, 
  {
    "city": "Nottingham", 
    "lat": "52.9561", 
    "lng": "-1.1512", 
    "country": "United Kingdom", 
    "iso2": "GB", 
    "admin_name": "Nottingham", 
    "capital": "", 
    "population": "729977", 
    "population_proper": "289301"
  }, 
  {
    "city": "Bristol", 
    "lat": "51.4536", 
    "lng": "-2.5975", 
    "country": "United Kingdom", 
    "iso2": "GB", 
    "admin_name": "Bristol, City of", 
    "capital": "", 
    "population": "707412", 
    "population_proper": "472465"
  }, 
  {
    "city": "Manchester", 
    "lat": "53.4790", 
    "lng": "-2.2452", 
    "country": "United Kingdom", 
    "iso2": "GB", 
    "admin_name": "Manchester", 
    "capital": "", 
    "population": "547627", 
    "population_proper": "547627"
  }, 
  {
    "city": "Liverpool", 
    "lat": "53.4094", 
    "lng": "-2.9785", 
    "country": "United Kingdom", 
    "iso2": "GB", 
    "admin_name": "Liverpool", 
    "capital": "", 
    "population": "513441", 
    "population_proper": "513441"
  }, 
  {
    "city": "Leicester", 
    "lat": "52.6344", 
    "lng": "-1.1319", 
    "country": "United Kingdom", 
    "iso2": "GB", 
    "admin_name": "Leicester", 
    "capital": "", 
    "population": "508916", 
    "population_proper": "464395"
  }, 
  {
    "city": "Worthing", 
    "lat": "50.8147", 
    "lng": "-0.3714", 
    "country": "United Kingdom", 
    "iso2": "GB", 
    "admin_name": "West Sussex", 
    "capital": "", 
    "population": "474485", 
    "population_proper": "109120"
  }, 
  {
    "city": "Coventry", 
    "lat": "52.4081", 
    "lng": "-1.5106", 
    "country": "United Kingdom", 
    "iso2": "GB", 
    "admin_name": "Coventry", 
    "capital": "", 
    "population": "362690", 
    "population_proper": "362690"
  }, 
  {
    "city": "Belfast", 
    "lat": "54.5964", 
    "lng": "-5.9300", 
    "country": "United Kingdom", 
    "iso2": "GB", 
    "admin_name": "Belfast", 
    "capital": "", 
    "population": "345006", 
    "population_proper": "345006"
  }, 
  {
    "city": "Bradford", 
    "lat": "53.8000", 
    "lng": "-1.7500", 
    "country": "United Kingdom", 
    "iso2": "GB", 
    "admin_name": "Bradford", 
    "capital": "", 
    "population": "293277", 
    "population_proper": "293277"
  }, 
  {
    "city": "Derby", 
    "lat": "52.9247", 
    "lng": "-1.4780", 
    "country": "United Kingdom", 
    "iso2": "GB", 
    "admin_name": "Derby", 
    "capital": "", 
    "population": "270468", 
    "population_proper": "255394"
  }, 
  {
    "city": "Plymouth", 
    "lat": "50.3714", 
    "lng": "-4.1422", 
    "country": "United Kingdom", 
    "iso2": "GB", 
    "admin_name": "Plymouth", 
    "capital": "", 
    "population": "267918", 
    "population_proper": "267918"
  }, 
  {
    "city": "Westminster", 
    "lat": "51.4947", 
    "lng": "-0.1353", 
    "country": "United Kingdom", 
    "iso2": "GB", 
    "admin_name": "Westminster", 
    "capital": "", 
    "population": "255324", 
    "population_proper": "255324"
  }, 
  {
    "city": "Wolverhampton", 
    "lat": "52.5833", 
    "lng": "-2.1333", 
    "country": "United Kingdom", 
    "iso2": "GB", 
    "admin_name": "Wolverhampton", 
    "capital": "", 
    "population": "250970", 
    "population_proper": "250970"
  }, 
  {
    "city": "Northampton", 
    "lat": "52.2304", 
    "lng": "-0.8938", 
    "country": "United Kingdom", 
    "iso2": "GB", 
    "admin_name": "Northamptonshire", 
    "capital": "", 
    "population": "245899", 
    "population_proper": "245899"
  }, 
  {
    "city": "Norwich", 
    "lat": "52.6286", 
    "lng": "1.2928", 
    "country": "United Kingdom", 
    "iso2": "GB", 
    "admin_name": "Norfolk", 
    "capital": "", 
    "population": "213166", 
    "population_proper": "195971"
  }, 
  {
    "city": "Luton", 
    "lat": "51.8783", 
    "lng": "-0.4147", 
    "country": "United Kingdom", 
    "iso2": "GB", 
    "admin_name": "Luton", 
    "capital": "", 
    "population": "213052", 
    "population_proper": "213052"
  }, 
  {
    "city": "Solihull", 
    "lat": "52.4130", 
    "lng": "-1.7780", 
    "country": "United Kingdom", 
    "iso2": "GB", 
    "admin_name": "Solihull", 
    "capital": "", 
    "population": "206674", 
    "population_proper": "206674"
  }, 
  {
    "city": "Islington", 
    "lat": "51.5440", 
    "lng": "-0.1027", 
    "country": "United Kingdom", 
    "iso2": "GB", 
    "admin_name": "Islington", 
    "capital": "", 
    "population": "206125", 
    "population_proper": "206125"
  }, 
  {
    "city": "Aberdeen", 
    "lat": "57.1500", 
    "lng": "-2.1100", 
    "country": "United Kingdom", 
    "iso2": "GB", 
    "admin_name": "Aberdeen City", 
    "capital": "", 
    "population": "200680", 
    "population_proper": "200680"
  }, 
  {
    "city": "Croydon", 
    "lat": "51.3727", 
    "lng": "-0.1099", 
    "country": "United Kingdom", 
    "iso2": "GB", 
    "admin_name": "Croydon", 
    "capital": "", 
    "population": "192064", 
    "population_proper": "192064"
  }, 
  {
    "city": "Bournemouth", 
    "lat": "50.7200", 
    "lng": "-1.8800", 
    "country": "United Kingdom", 
    "iso2": "GB", 
    "admin_name": "", 
    "capital": "", 
    "population": "187503", 
    "population_proper": "187503"
  }, 
  {
    "city": "Basildon", 
    "lat": "51.5800", 
    "lng": "0.4900", 
    "country": "United Kingdom", 
    "iso2": "GB", 
    "admin_name": "Essex", 
    "capital": "", 
    "population": "185900", 
    "population_proper": "185900"
  }, 
  {
    "city": "Maidstone", 
    "lat": "51.2720", 
    "lng": "0.5290", 
    "country": "United Kingdom", 
    "iso2": "GB", 
    "admin_name": "Kent", 
    "capital": "", 
    "population": "176700", 
    "population_proper": "176700"
  }, 
  {
    "city": "Ilford", 
    "lat": "51.5575", 
    "lng": "0.0858", 
    "country": "United Kingdom", 
    "iso2": "GB", 
    "admin_name": "Redbridge", 
    "capital": "", 
    "population": "168168", 
    "population_proper": "168168"
  }, 
  {
    "city": "Warrington", 
    "lat": "53.3900", 
    "lng": "-2.5900", 
    "country": "United Kingdom", 
    "iso2": "GB", 
    "admin_name": "Warrington", 
    "capital": "", 
    "population": "165456", 
    "population_proper": "165456"
  }, 
  {
    "city": "Oxford", 
    "lat": "51.7500", 
    "lng": "-1.2500", 
    "country": "United Kingdom", 
    "iso2": "GB", 
    "admin_name": "Oxfordshire", 
    "capital": "", 
    "population": "152000", 
    "population_proper": "152000"
  }, 
  {
    "city": "Harrow", 
    "lat": "51.5836", 
    "lng": "-0.3464", 
    "country": "United Kingdom", 
    "iso2": "GB", 
    "admin_name": "Harrow", 
    "capital": "", 
    "population": "149246", 
    "population_proper": "149246"
  }, 
  {
    "city": "West Bromwich", 
    "lat": "52.5190", 
    "lng": "-1.9950", 
    "country": "United Kingdom", 
    "iso2": "GB", 
    "admin_name": "Sandwell", 
    "capital": "", 
    "population": "146386", 
    "population_proper": "146386"
  }, 
  {
    "city": "Gloucester", 
    "lat": "51.8667", 
    "lng": "-2.2500", 
    "country": "United Kingdom", 
    "iso2": "GB", 
    "admin_name": "Gloucestershire", 
    "capital": "", 
    "population": "145563", 
    "population_proper": "145563"
  }, 
  {
    "city": "York", 
    "lat": "53.9600", 
    "lng": "-1.0800", 
    "country": "United Kingdom", 
    "iso2": "GB", 
    "admin_name": "York", 
    "capital": "", 
    "population": "141685", 
    "population_proper": "141685"
  }, 
  {
    "city": "Blackpool", 
    "lat": "53.8142", 
    "lng": "-3.0503", 
    "country": "United Kingdom", 
    "iso2": "GB", 
    "admin_name": "Blackpool", 
    "capital": "", 
    "population": "139305", 
    "population_proper": "139305"
  }, 
  {
    "city": "Stockport", 
    "lat": "53.4083", 
    "lng": "-2.1494", 
    "country": "United Kingdom", 
    "iso2": "GB", 
    "admin_name": "Stockport", 
    "capital": "", 
    "population": "137130", 
    "population_proper": "137130"
  }, 
  {
    "city": "Sale", 
    "lat": "53.4240", 
    "lng": "-2.3220", 
    "country": "United Kingdom", 
    "iso2": "GB", 
    "admin_name": "Trafford", 
    "capital": "", 
    "population": "134022", 
    "population_proper": "134022"
  }, 
  {
    "city": "Tottenham", 
    "lat": "51.5975", 
    "lng": "-0.0681", 
    "country": "United Kingdom", 
    "iso2": "GB", 
    "admin_name": "Haringey", 
    "capital": "", 
    "population": "129237", 
    "population_proper": "129237"
  }, 
  {
    "city": "Cambridge", 
    "lat": "52.2053", 
    "lng": "0.1192", 
    "country": "United Kingdom", 
    "iso2": "GB", 
    "admin_name": "Cambridgeshire", 
    "capital": "", 
    "population": "123867", 
    "population_proper": "123867"
  }, 
  {
    "city": "Romford", 
    "lat": "51.5768", 
    "lng": "0.1801", 
    "country": "United Kingdom", 
    "iso2": "GB", 
    "admin_name": "Havering", 
    "capital": "", 
    "population": "122854", 
    "population_proper": "122854"
  }, 
  {
    "city": "Colchester", 
    "lat": "51.8917", 
    "lng": "0.9030", 
    "country": "United Kingdom", 
    "iso2": "GB", 
    "admin_name": "Essex", 
    "capital": "", 
    "population": "121859", 
    "population_proper": "121859"
  }, 
  {
    "city": "High Wycombe", 
    "lat": "51.6287", 
    "lng": "-0.7482", 
    "country": "United Kingdom", 
    "iso2": "GB", 
    "admin_name": "Buckinghamshire", 
    "capital": "", 
    "population": "120256", 
    "population_proper": "120256"
  }, 
  {
    "city": "Gateshead", 
    "lat": "54.9556", 
    "lng": "-1.6000", 
    "country": "United Kingdom", 
    "iso2": "GB", 
    "admin_name": "Gateshead", 
    "capital": "", 
    "population": "120046", 
    "population_proper": "120046"
  }, 
  {
    "city": "Slough", 
    "lat": "51.5084", 
    "lng": "-0.5881", 
    "country": "United Kingdom", 
    "iso2": "GB", 
    "admin_name": "Slough", 
    "capital": "", 
    "population": "119070", 
    "population_proper": "119070"
  }, 
  {
    "city": "Blackburn", 
    "lat": "53.7480", 
    "lng": "-2.4820", 
    "country": "United Kingdom", 
    "iso2": "GB", 
    "admin_name": "Blackburn with Darwen", 
    "capital": "", 
    "population": "117963", 
    "population_proper": "117963"
  }, 
  {
    "city": "Chelmsford", 
    "lat": "51.7300", 
    "lng": "0.4800", 
    "country": "United Kingdom", 
    "iso2": "GB", 
    "admin_name": "Essex", 
    "capital": "", 
    "population": "115369", 
    "population_proper": "115369"
  }, 
  {
    "city": "Rochdale", 
    "lat": "53.6100", 
    "lng": "-2.1600", 
    "country": "United Kingdom", 
    "iso2": "GB", 
    "admin_name": "Rochdale", 
    "capital": "", 
    "population": "110194", 
    "population_proper": "110194"
  }, 
  {
    "city": "Rotherham", 
    "lat": "53.4300", 
    "lng": "-1.3570", 
    "country": "United Kingdom", 
    "iso2": "GB", 
    "admin_name": "Rotherham", 
    "capital": "", 
    "population": "109691", 
    "population_proper": "109691"
  }, 
  {
    "city": "Walthamstow", 
    "lat": "51.5840", 
    "lng": "-0.0210", 
    "country": "United Kingdom", 
    "iso2": "GB", 
    "admin_name": "Waltham Forest", 
    "capital": "", 
    "population": "109424", 
    "population_proper": "109424"
  }, 
  {
    "city": "Basingstoke", 
    "lat": "51.2667", 
    "lng": "-1.0876", 
    "country": "United Kingdom", 
    "iso2": "GB", 
    "admin_name": "Hampshire", 
    "capital": "", 
    "population": "107355", 
    "population_proper": "107355"
  }, 
  {
    "city": "Salford", 
    "lat": "53.4830", 
    "lng": "-2.2931", 
    "country": "United Kingdom", 
    "iso2": "GB", 
    "admin_name": "Salford", 
    "capital": "", 
    "population": "103886", 
    "population_proper": "103886"
  }, 
  {
    "city": "Hounslow", 
    "lat": "51.4668", 
    "lng": "-0.3750", 
    "country": "United Kingdom", 
    "iso2": "GB", 
    "admin_name": "Hounslow", 
    "capital": "", 
    "population": "103337", 
    "population_proper": "103337"
  }, 
  {
    "city": "Wembley", 
    "lat": "51.5528", 
    "lng": "-0.2979", 
    "country": "United Kingdom", 
    "iso2": "GB", 
    "admin_name": "Brent", 
    "capital": "", 
    "population": "102856", 
    "population_proper": "102856"
  }, 
  {
    "city": "Worcester", 
    "lat": "52.1911", 
    "lng": "-2.2206", 
    "country": "United Kingdom", 
    "iso2": "GB", 
    "admin_name": "Worcestershire", 
    "capital": "", 
    "population": "101891", 
    "population_proper": "101891"
  }, 
  {
    "city": "Hammersmith", 
    "lat": "51.4928", 
    "lng": "-0.2229", 
    "country": "United Kingdom", 
    "iso2": "GB", 
    "admin_name": "Hammersmith and Fulham", 
    "capital": "", 
    "population": "95996", 
    "population_proper": "95996"
  }, 
  {
    "city": "Rayleigh", 
    "lat": "51.5864", 
    "lng": "0.6049", 
    "country": "United Kingdom", 
    "iso2": "GB", 
    "admin_name": "Essex", 
    "capital": "", 
    "population": "95580", 
    "population_proper": "95580"
  }, 
  {
    "city": "Hemel Hempstead", 
    "lat": "51.7526", 
    "lng": "-0.4692", 
    "country": "United Kingdom", 
    "iso2": "GB", 
    "admin_name": "Hertfordshire", 
    "capital": "", 
    "population": "94932", 
    "population_proper": "94932"
  }, 
  {
    "city": "Bath", 
    "lat": "51.3800", 
    "lng": "-2.3600", 
    "country": "United Kingdom", 
    "iso2": "GB", 
    "admin_name": "Bath and North East Somerset", 
    "capital": "", 
    "population": "94782", 
    "population_proper": "94782"
  }, 
  {
    "city": "Hayes", 
    "lat": "51.5127", 
    "lng": "-0.4211", 
    "country": "United Kingdom", 
    "iso2": "GB", 
    "admin_name": "Hillingdon", 
    "capital": "", 
    "population": "93928", 
    "population_proper": "93928"
  }, 
  {
    "city": "Darlington", 
    "lat": "54.5270", 
    "lng": "-1.5526", 
    "country": "United Kingdom", 
    "iso2": "GB", 
    "admin_name": "Darlington", 
    "capital": "", 
    "population": "93015", 
    "population_proper": "93015"
  }, 
  {
    "city": "Hove", 
    "lat": "50.8352", 
    "lng": "-0.1758", 
    "country": "United Kingdom", 
    "iso2": "GB", 
    "admin_name": "Brighton and Hove", 
    "capital": "", 
    "population": "91900", 
    "population_proper": "91900"
  }, 
  {
    "city": "Hastings", 
    "lat": "50.8500", 
    "lng": "0.5700", 
    "country": "United Kingdom", 
    "iso2": "GB", 
    "admin_name": "East Sussex", 
    "capital": "", 
    "population": "91053", 
    "population_proper": "91053"
  }, 
  {
    "city": "Watford", 
    "lat": "51.6550", 
    "lng": "-0.3957", 
    "country": "United Kingdom", 
    "iso2": "GB", 
    "admin_name": "Hertfordshire", 
    "capital": "", 
    "population": "90301", 
    "population_proper": "90301"
  }, 
  {
    "city": "Stevenage", 
    "lat": "51.9017", 
    "lng": "-0.2019", 
    "country": "United Kingdom", 
    "iso2": "GB", 
    "admin_name": "Hertfordshire", 
    "capital": "", 
    "population": "89663", 
    "population_proper": "89663"
  }, 
  {
    "city": "Hartlepool", 
    "lat": "54.6900", 
    "lng": "-1.2100", 
    "country": "United Kingdom", 
    "iso2": "GB", 
    "admin_name": "Hartlepool", 
    "capital": "", 
    "population": "87995", 
    "population_proper": "87995"
  }, 
  {
    "city": "Chester", 
    "lat": "53.1900", 
    "lng": "-2.8900", 
    "country": "United Kingdom", 
    "iso2": "GB", 
    "admin_name": "Cheshire West and Chester", 
    "capital": "", 
    "population": "87507", 
    "population_proper": "87507"
  }, 
  {
    "city": "Fulham", 
    "lat": "51.4828", 
    "lng": "-0.1950", 
    "country": "United Kingdom", 
    "iso2": "GB", 
    "admin_name": "Hammersmith and Fulham", 
    "capital": "", 
    "population": "87161", 
    "population_proper": "87161"
  }, 
  {
    "city": "Nuneaton", 
    "lat": "52.5230", 
    "lng": "-1.4680", 
    "country": "United Kingdom", 
    "iso2": "GB", 
    "admin_name": "Warwickshire", 
    "capital": "", 
    "population": "86552", 
    "population_proper": "86552"
  }, 
  {
    "city": "Ealing", 
    "lat": "51.5175", 
    "lng": "-0.2988", 
    "country": "United Kingdom", 
    "iso2": "GB", 
    "admin_name": "Ealing", 
    "capital": "", 
    "population": "85014", 
    "population_proper": "85014"
  }, 
  {
    "city": "Aylesbury", 
    "lat": "51.8168", 
    "lng": "-0.8124", 
    "country": "United Kingdom", 
    "iso2": "GB", 
    "admin_name": "Buckinghamshire", 
    "capital": "", 
    "population": "83407", 
    "population_proper": "83407"
  }, 
  {
    "city": "Edmonton", 
    "lat": "51.6154", 
    "lng": "-0.0708", 
    "country": "United Kingdom", 
    "iso2": "GB", 
    "admin_name": "Enfield", 
    "capital": "", 
    "population": "82472", 
    "population_proper": "82472"
  }, 
  {
    "city": "Saint Albans", 
    "lat": "51.7550", 
    "lng": "-0.3360", 
    "country": "United Kingdom", 
    "iso2": "GB", 
    "admin_name": "Hertfordshire", 
    "capital": "", 
    "population": "82146", 
    "population_proper": "82146"
  }, 
  {
    "city": "Burnley", 
    "lat": "53.7890", 
    "lng": "-2.2480", 
    "country": "United Kingdom", 
    "iso2": "GB", 
    "admin_name": "Lancashire", 
    "capital": "", 
    "population": "82002", 
    "population_proper": "82002"
  }, 
  {
    "city": "Batley", 
    "lat": "53.7167", 
    "lng": "-1.6356", 
    "country": "United Kingdom", 
    "iso2": "GB", 
    "admin_name": "Kirklees", 
    "capital": "", 
    "population": "80485", 
    "population_proper": "80485"
  }, 
  {
    "city": "Scunthorpe", 
    "lat": "53.5809", 
    "lng": "-0.6502", 
    "country": "United Kingdom", 
    "iso2": "GB", 
    "admin_name": "North Lincolnshire", 
    "capital": "", 
    "population": "79977", 
    "population_proper": "79977"
  }, 
  {
    "city": "Dudley", 
    "lat": "52.5080", 
    "lng": "-2.0890", 
    "country": "United Kingdom", 
    "iso2": "GB", 
    "admin_name": "Dudley", 
    "capital": "", 
    "population": "79379", 
    "population_proper": "79379"
  }, 
  {
    "city": "Brixton", 
    "lat": "51.4575", 
    "lng": "-0.1175", 
    "country": "United Kingdom", 
    "iso2": "GB", 
    "admin_name": "Lambeth", 
    "capital": "", 
    "population": "78536", 
    "population_proper": "78536"
  }, 
  {
    "city": "Southall", 
    "lat": "51.5111", 
    "lng": "-0.3756", 
    "country": "United Kingdom", 
    "iso2": "GB", 
    "admin_name": "Ealing", 
    "capital": "", 
    "population": "78253", 
    "population_proper": "78253"
  }, 
  {
    "city": "Paisley", 
    "lat": "55.8456", 
    "lng": "-4.4239", 
    "country": "United Kingdom", 
    "iso2": "GB", 
    "admin_name": "Renfrewshire", 
    "capital": "", 
    "population": "77220", 
    "population_proper": "77220"
  }, 
  {
    "city": "Chatham", 
    "lat": "51.3700", 
    "lng": "0.5200", 
    "country": "United Kingdom", 
    "iso2": "GB", 
    "admin_name": "Medway", 
    "capital": "", 
    "population": "76792", 
    "population_proper": "76792"
  }, 
  {
    "city": "East Ham", 
    "lat": "51.5323", 
    "lng": "0.0554", 
    "country": "United Kingdom", 
    "iso2": "GB", 
    "admin_name": "Newham", 
    "capital": "", 
    "population": "76186", 
    "population_proper": "76186"
  }, 
  {
    "city": "Weston-super-Mare", 
    "lat": "51.3460", 
    "lng": "-2.9770", 
    "country": "United Kingdom", 
    "iso2": "GB", 
    "admin_name": "North Somerset", 
    "capital": "", 
    "population": "76143", 
    "population_proper": "76143"
  }, 
  {
    "city": "Carlisle", 
    "lat": "54.8947", 
    "lng": "-2.9364", 
    "country": "United Kingdom", 
    "iso2": "GB", 
    "admin_name": "Cumbria", 
    "capital": "", 
    "population": "75399", 
    "population_proper": "75399"
  }, 
  {
    "city": "South Shields", 
    "lat": "54.9950", 
    "lng": "-1.4300", 
    "country": "United Kingdom", 
    "iso2": "GB", 
    "admin_name": "South Tyneside", 
    "capital": "", 
    "population": "75337", 
    "population_proper": "75337"
  }, 
  {
    "city": "East Kilbride", 
    "lat": "55.7644", 
    "lng": "-4.1769", 
    "country": "United Kingdom", 
    "iso2": "GB", 
    "admin_name": "South Lanarkshire", 
    "capital": "", 
    "population": "75120", 
    "population_proper": "75120"
  }, 
  {
    "city": "Burton upon Trent", 
    "lat": "52.8019", 
    "lng": "-1.6367", 
    "country": "United Kingdom", 
    "iso2": "GB", 
    "admin_name": "Staffordshire", 
    "capital": "", 
    "population": "75074", 
    "population_proper": "75074"
  }, 
  {
    "city": "Harrogate", 
    "lat": "53.9919", 
    "lng": "-1.5378", 
    "country": "United Kingdom", 
    "iso2": "GB", 
    "admin_name": "North Yorkshire", 
    "capital": "", 
    "population": "73576", 
    "population_proper": "73576"
  }, 
  {
    "city": "Crewe", 
    "lat": "53.0990", 
    "lng": "-2.4400", 
    "country": "United Kingdom", 
    "iso2": "GB", 
    "admin_name": "Cheshire East", 
    "capital": "", 
    "population": "73241", 
    "population_proper": "73241"
  }, 
  {
    "city": "Lowestoft", 
    "lat": "52.4800", 
    "lng": "1.7500", 
    "country": "United Kingdom", 
    "iso2": "GB", 
    "admin_name": "Suffolk", 
    "capital": "", 
    "population": "70945", 
    "population_proper": "70945"
  }, 
  {
    "city": "Rugby", 
    "lat": "52.3700", 
    "lng": "-1.2600", 
    "country": "United Kingdom", 
    "iso2": "GB", 
    "admin_name": "Warwickshire", 
    "capital": "", 
    "population": "70627", 
    "population_proper": "70627"
  }, 
  {
    "city": "Chingford", 
    "lat": "51.6230", 
    "lng": "0.0090", 
    "country": "United Kingdom", 
    "iso2": "GB", 
    "admin_name": "Waltham Forest", 
    "capital": "", 
    "population": "70583", 
    "population_proper": "70583"
  }, 
  {
    "city": "Uxbridge", 
    "lat": "51.5404", 
    "lng": "-0.4778", 
    "country": "United Kingdom", 
    "iso2": "GB", 
    "admin_name": "Hillingdon", 
    "capital": "", 
    "population": "70560", 
    "population_proper": "70560"
  }, 
  {
    "city": "Walsall", 
    "lat": "52.5800", 
    "lng": "-1.9800", 
    "country": "United Kingdom", 
    "iso2": "GB", 
    "admin_name": "Walsall", 
    "capital": "", 
    "population": "67594", 
    "population_proper": "67594"
  }, 
  {
    "city": "Grays", 
    "lat": "51.4750", 
    "lng": "0.3300", 
    "country": "United Kingdom", 
    "iso2": "GB", 
    "admin_name": "Thurrock", 
    "capital": "", 
    "population": "66843", 
    "population_proper": "66843"
  }, 
  {
    "city": "Walton upon Thames", 
    "lat": "51.3868", 
    "lng": "-0.4133", 
    "country": "United Kingdom", 
    "iso2": "GB", 
    "admin_name": "Surrey", 
    "capital": "", 
    "population": "66566", 
    "population_proper": "66566"
  }, 
  {
    "city": "Thornton Heath", 
    "lat": "51.4002", 
    "lng": "-0.1086", 
    "country": "United Kingdom", 
    "iso2": "GB", 
    "admin_name": "Croydon", 
    "capital": "", 
    "population": "65812", 
    "population_proper": "65812"
  }, 
  {
    "city": "Finchley", 
    "lat": "51.5990", 
    "lng": "-0.1870", 
    "country": "United Kingdom", 
    "iso2": "GB", 
    "admin_name": "Barnet", 
    "capital": "", 
    "population": "65812", 
    "population_proper": "65812"
  }, 
  {
    "city": "Kensington", 
    "lat": "51.5000", 
    "lng": "-0.1900", 
    "country": "United Kingdom", 
    "iso2": "GB", 
    "admin_name": "Kensington and Chelsea", 
    "capital": "", 
    "population": "64681", 
    "population_proper": "64681"
  }, 
  {
    "city": "Boston", 
    "lat": "52.9740", 
    "lng": "-0.0214", 
    "country": "United Kingdom", 
    "iso2": "GB", 
    "admin_name": "Lincolnshire", 
    "capital": "", 
    "population": "64600", 
    "population_proper": "64600"
  }, 
  {
    "city": "Paignton", 
    "lat": "50.4353", 
    "lng": "-3.5625", 
    "country": "United Kingdom", 
    "iso2": "GB", 
    "admin_name": "Devon", 
    "capital": "", 
    "population": "64410", 
    "population_proper": "64410"
  }, 
  {
    "city": "Waterlooville", 
    "lat": "50.8800", 
    "lng": "-1.0300", 
    "country": "United Kingdom", 
    "iso2": "GB", 
    "admin_name": "Hampshire", 
    "capital": "", 
    "population": "64350", 
    "population_proper": "64350"
  }, 
  {
    "city": "Guiseley", 
    "lat": "53.8750", 
    "lng": "-1.7060", 
    "country": "United Kingdom", 
    "iso2": "GB", 
    "admin_name": "Leeds", 
    "capital": "", 
    "population": "64000", 
    "population_proper": "64000"
  }, 
  {
    "city": "Hornchurch", 
    "lat": "51.5565", 
    "lng": "0.2128", 
    "country": "United Kingdom", 
    "iso2": "GB", 
    "admin_name": "Havering", 
    "capital": "", 
    "population": "63583", 
    "population_proper": "63583"
  }, 
  {
    "city": "Mitcham", 
    "lat": "51.4009", 
    "lng": "-0.1517", 
    "country": "United Kingdom", 
    "iso2": "GB", 
    "admin_name": "Merton", 
    "capital": "", 
    "population": "63393", 
    "population_proper": "63393"
  }, 
  {
    "city": "Feltham", 
    "lat": "51.4496", 
    "lng": "-0.4089", 
    "country": "United Kingdom", 
    "iso2": "GB", 
    "admin_name": "Hounslow", 
    "capital": "", 
    "population": "63368", 
    "population_proper": "63368"
  }, 
  {
    "city": "Stourbridge", 
    "lat": "52.4575", 
    "lng": "-2.1479", 
    "country": "United Kingdom", 
    "iso2": "GB", 
    "admin_name": "Dudley", 
    "capital": "", 
    "population": "63298", 
    "population_proper": "63298"
  }, 
  {
    "city": "Rochester", 
    "lat": "51.3750", 
    "lng": "0.5000", 
    "country": "United Kingdom", 
    "iso2": "GB", 
    "admin_name": "Medway", 
    "capital": "", 
    "population": "62982", 
    "population_proper": "62982"
  }, 
  {
    "city": "Dewsbury", 
    "lat": "53.6910", 
    "lng": "-1.6330", 
    "country": "United Kingdom", 
    "iso2": "GB", 
    "admin_name": "Kirklees", 
    "capital": "", 
    "population": "62945", 
    "population_proper": "62945"
  }, 
  {
    "city": "Acton", 
    "lat": "51.5135", 
    "lng": "-0.2707", 
    "country": "United Kingdom", 
    "iso2": "GB", 
    "admin_name": "Ealing", 
    "capital": "", 
    "population": "62480", 
    "population_proper": "62480"
  }, 
  {
    "city": "Twickenham", 
    "lat": "51.4490", 
    "lng": "-0.3370", 
    "country": "United Kingdom", 
    "iso2": "GB", 
    "admin_name": "Richmond upon Thames", 
    "capital": "", 
    "population": "62148", 
    "population_proper": "62148"
  }, 
  {
    "city": "Wrecsam", 
    "lat": "53.0460", 
    "lng": "-2.9930", 
    "country": "United Kingdom", 
    "iso2": "GB", 
    "admin_name": "Wrexham", 
    "capital": "", 
    "population": "61603", 
    "population_proper": "61603"
  }, 
  {
    "city": "Ellesmere Port", 
    "lat": "53.2790", 
    "lng": "-2.8970", 
    "country": "United Kingdom", 
    "iso2": "GB", 
    "admin_name": "Cheshire West and Chester", 
    "capital": "", 
    "population": "61090", 
    "population_proper": "61090"
  }, 
  {
    "city": "Bangor", 
    "lat": "54.6600", 
    "lng": "-5.6700", 
    "country": "United Kingdom", 
    "iso2": "GB", 
    "admin_name": "Ards and North Down", 
    "capital": "", 
    "population": "61011", 
    "population_proper": "61011"
  }, 
  {
    "city": "Taunton", 
    "lat": "51.0190", 
    "lng": "-3.1000", 
    "country": "United Kingdom", 
    "iso2": "GB", 
    "admin_name": "Somerset", 
    "capital": "", 
    "population": "60479", 
    "population_proper": "60479"
  }, 
  {
    "city": "Loughborough", 
    "lat": "52.7725", 
    "lng": "-1.2078", 
    "country": "United Kingdom", 
    "iso2": "GB", 
    "admin_name": "Leicestershire", 
    "capital": "", 
    "population": "59932", 
    "population_proper": "59932"
  }, 
  {
    "city": "Barking", 
    "lat": "51.5400", 
    "lng": "0.0800", 
    "country": "United Kingdom", 
    "iso2": "GB", 
    "admin_name": "Barking and Dagenham", 
    "capital": "", 
    "population": "59068", 
    "population_proper": "59068"
  }, 
  {
    "city": "Edgware", 
    "lat": "51.6185", 
    "lng": "-0.2729", 
    "country": "United Kingdom", 
    "iso2": "GB", 
    "admin_name": "Barnet", 
    "capital": "", 
    "population": "58619", 
    "population_proper": "58619"
  }, 
  {
    "city": "Littlehampton", 
    "lat": "50.8094", 
    "lng": "-0.5409", 
    "country": "United Kingdom", 
    "iso2": "GB", 
    "admin_name": "West Sussex", 
    "capital": "", 
    "population": "58357", 
    "population_proper": "58357"
  }, 
  {
    "city": "Ruislip", 
    "lat": "51.5760", 
    "lng": "-0.4330", 
    "country": "United Kingdom", 
    "iso2": "GB", 
    "admin_name": "Hillingdon", 
    "capital": "", 
    "population": "58217", 
    "population_proper": "58217"
  }, 
  {
    "city": "Streatham", 
    "lat": "51.4279", 
    "lng": "-0.1235", 
    "country": "United Kingdom", 
    "iso2": "GB", 
    "admin_name": "Lambeth", 
    "capital": "", 
    "population": "58055", 
    "population_proper": "58055"
  }, 
  {
    "city": "Royal Tunbridge Wells", 
    "lat": "51.1320", 
    "lng": "0.2630", 
    "country": "United Kingdom", 
    "iso2": "GB", 
    "admin_name": "Kent", 
    "capital": "", 
    "population": "57772", 
    "population_proper": "57772"
  }, 
  {
    "city": "Bebington", 
    "lat": "53.3500", 
    "lng": "-3.0030", 
    "country": "United Kingdom", 
    "iso2": "GB", 
    "admin_name": "Wirral", 
    "capital": "", 
    "population": "57336", 
    "population_proper": "57336"
  }, 
  {
    "city": "Macclesfield", 
    "lat": "53.2500", 
    "lng": "-2.1300", 
    "country": "United Kingdom", 
    "iso2": "GB", 
    "admin_name": "Cheshire East", 
    "capital": "", 
    "population": "56581", 
    "population_proper": "56581"
  }, 
  {
    "city": "Wellingborough", 
    "lat": "52.3028", 
    "lng": "-0.6944", 
    "country": "United Kingdom", 
    "iso2": "GB", 
    "admin_name": "Northamptonshire", 
    "capital": "", 
    "population": "56564", 
    "population_proper": "56564"
  }, 
  {
    "city": "Kettering", 
    "lat": "52.3931", 
    "lng": "-0.7229", 
    "country": "United Kingdom", 
    "iso2": "GB", 
    "admin_name": "Northamptonshire", 
    "capital": "", 
    "population": "56226", 
    "population_proper": "56226"
  }, 
  {
    "city": "Braintree", 
    "lat": "51.8780", 
    "lng": "0.5500", 
    "country": "United Kingdom", 
    "iso2": "GB", 
    "admin_name": "Essex", 
    "capital": "", 
    "population": "55792", 
    "population_proper": "55792"
  }, 
  {
    "city": "Royal Leamington Spa", 
    "lat": "52.2919", 
    "lng": "-1.5358", 
    "country": "United Kingdom", 
    "iso2": "GB", 
    "admin_name": "Warwickshire", 
    "capital": "", 
    "population": "55733", 
    "population_proper": "55733"
  }, 
  {
    "city": "Barrow in Furness", 
    "lat": "54.1108", 
    "lng": "-3.2261", 
    "country": "United Kingdom", 
    "iso2": "GB", 
    "admin_name": "Cumbria", 
    "capital": "", 
    "population": "55489", 
    "population_proper": "55489"
  }, 
  {
    "city": "Dunfermline", 
    "lat": "56.0719", 
    "lng": "-3.4393", 
    "country": "United Kingdom", 
    "iso2": "GB", 
    "admin_name": "Fife", 
    "capital": "", 
    "population": "53100", 
    "population_proper": "53100"
  }, 
  {
    "city": "Altrincham", 
    "lat": "53.3838", 
    "lng": "-2.3547", 
    "country": "United Kingdom", 
    "iso2": "GB", 
    "admin_name": "Trafford", 
    "capital": "", 
    "population": "52419", 
    "population_proper": "52419"
  }, 
  {
    "city": "Lancaster", 
    "lat": "54.0489", 
    "lng": "-2.8014", 
    "country": "United Kingdom", 
    "iso2": "GB", 
    "admin_name": "Lancashire", 
    "capital": "", 
    "population": "52234", 
    "population_proper": "52234"
  }, 
  {
    "city": "Crosby", 
    "lat": "53.4872", 
    "lng": "-3.0343", 
    "country": "United Kingdom", 
    "iso2": "GB", 
    "admin_name": "Sefton", 
    "capital": "", 
    "population": "51789", 
    "population_proper": "51789"
  }, 
  {
    "city": "Bootle", 
    "lat": "53.4457", 
    "lng": "-2.9891", 
    "country": "United Kingdom", 
    "iso2": "GB", 
    "admin_name": "Sefton", 
    "capital": "", 
    "population": "51394", 
    "population_proper": "51394"
  }, 
  {
    "city": "Stratford", 
    "lat": "51.5423", 
    "lng": "-0.0026", 
    "country": "United Kingdom", 
    "iso2": "GB", 
    "admin_name": "Newham", 
    "capital": "", 
    "population": "51387", 
    "population_proper": "51387"
  }, 
  {
    "city": "Folkestone", 
    "lat": "51.0792", 
    "lng": "1.1794", 
    "country": "United Kingdom", 
    "iso2": "GB", 
    "admin_name": "Kent", 
    "capital": "", 
    "population": "51337", 
    "population_proper": "51337"
  }, 
  {
    "city": "Cumbernauld", 
    "lat": "55.9450", 
    "lng": "-3.9940", 
    "country": "United Kingdom", 
    "iso2": "GB", 
    "admin_name": "North Lanarkshire", 
    "capital": "", 
    "population": "50920", 
    "population_proper": "50920"
  }, 
  {
    "city": "Andover", 
    "lat": "51.2080", 
    "lng": "-1.4800", 
    "country": "United Kingdom", 
    "iso2": "GB", 
    "admin_name": "Hampshire", 
    "capital": "", 
    "population": "50887", 
    "population_proper": "50887"
  }, 
  {
    "city": "Neath", 
    "lat": "51.6600", 
    "lng": "-3.8100", 
    "country": "United Kingdom", 
    "iso2": "GB", 
    "admin_name": "Neath Port Talbot", 
    "capital": "", 
    "population": "50658", 
    "population_proper": "50658"
  }, 
  {
    "city": "Rowley Regis", 
    "lat": "52.4880", 
    "lng": "-2.0500", 
    "country": "United Kingdom", 
    "iso2": "GB", 
    "admin_name": "Sandwell", 
    "capital": "", 
    "population": "50257", 
    "population_proper": "50257"
  }, 
  {
    "city": "Scarborough", 
    "lat": "54.2825", 
    "lng": "-0.4000", 
    "country": "United Kingdom", 
    "iso2": "GB", 
    "admin_name": "North Yorkshire", 
    "capital": "", 
    "population": "50135", 
    "population_proper": "50135"
  }, 
  {
    "city": "Leith", 
    "lat": "55.9800", 
    "lng": "-3.1700", 
    "country": "United Kingdom", 
    "iso2": "GB", 
    "admin_name": "Edinburgh, City of", 
    "capital": "", 
    "population": "50030", 
    "population_proper": "50030"
  }, 
  {
    "city": "Yeovil", 
    "lat": "50.9452", 
    "lng": "-2.6370", 
    "country": "United Kingdom", 
    "iso2": "GB", 
    "admin_name": "Somerset", 
    "capital": "", 
    "population": "49698", 
    "population_proper": "49698"
  }, 
  {
    "city": "Eltham", 
    "lat": "51.4510", 
    "lng": "0.0520", 
    "country": "United Kingdom", 
    "iso2": "GB", 
    "admin_name": "Greenwich", 
    "capital": "", 
    "population": "48964", 
    "population_proper": "48964"
  }, 
  {
    "city": "Hampstead", 
    "lat": "51.5541", 
    "lng": "-0.1744", 
    "country": "United Kingdom", 
    "iso2": "GB", 
    "admin_name": "Camden", 
    "capital": "", 
    "population": "48858", 
    "population_proper": "48858"
  }, 
  {
    "city": "Sutton in Ashfield", 
    "lat": "53.1250", 
    "lng": "-1.2610", 
    "country": "United Kingdom", 
    "iso2": "GB", 
    "admin_name": "Nottinghamshire", 
    "capital": "", 
    "population": "48527", 
    "population_proper": "48527"
  }, 
  {
    "city": "Morden", 
    "lat": "51.4015", 
    "lng": "-0.1949", 
    "country": "United Kingdom", 
    "iso2": "GB", 
    "admin_name": "Merton", 
    "capital": "", 
    "population": "48233", 
    "population_proper": "48233"
  }, 
  {
    "city": "Barnet", 
    "lat": "51.6444", 
    "lng": "-0.1997", 
    "country": "United Kingdom", 
    "iso2": "GB", 
    "admin_name": "Barnet", 
    "capital": "", 
    "population": "47359", 
    "population_proper": "47359"
  }, 
  {
    "city": "Stretford", 
    "lat": "53.4466", 
    "lng": "-2.3086", 
    "country": "United Kingdom", 
    "iso2": "GB", 
    "admin_name": "Trafford", 
    "capital": "", 
    "population": "46910", 
    "population_proper": "46910"
  }, 
  {
    "city": "Beckenham", 
    "lat": "51.4080", 
    "lng": "-0.0220", 
    "country": "United Kingdom", 
    "iso2": "GB", 
    "admin_name": "Bromley", 
    "capital": "", 
    "population": "46844", 
    "population_proper": "46844"
  }, 
  {
    "city": "Greenford", 
    "lat": "51.5299", 
    "lng": "-0.3488", 
    "country": "United Kingdom", 
    "iso2": "GB", 
    "admin_name": "Ealing", 
    "capital": "", 
    "population": "46787", 
    "population_proper": "46787"
  }, 
  {
    "city": "Cheshunt", 
    "lat": "51.7020", 
    "lng": "-0.0350", 
    "country": "United Kingdom", 
    "iso2": "GB", 
    "admin_name": "Hertfordshire", 
    "capital": "", 
    "population": "45832", 
    "population_proper": "45832"
  }, 
  {
    "city": "Kirkby", 
    "lat": "53.4800", 
    "lng": "-2.8900", 
    "country": "United Kingdom", 
    "iso2": "GB", 
    "admin_name": "Knowsley", 
    "capital": "", 
    "population": "45564", 
    "population_proper": "45564"
  }, 
  {
    "city": "Salisbury", 
    "lat": "51.0700", 
    "lng": "-1.7900", 
    "country": "United Kingdom", 
    "iso2": "GB", 
    "admin_name": "Wiltshire", 
    "capital": "", 
    "population": "45477", 
    "population_proper": "45477"
  }, 
  {
    "city": "Ashton", 
    "lat": "53.4897", 
    "lng": "-2.0952", 
    "country": "United Kingdom", 
    "iso2": "GB", 
    "admin_name": "Tameside", 
    "capital": "", 
    "population": "45198", 
    "population_proper": "45198"
  }, 
  {
    "city": "Surbiton", 
    "lat": "51.3940", 
    "lng": "-0.3070", 
    "country": "United Kingdom", 
    "iso2": "GB", 
    "admin_name": "Kingston upon Thames", 
    "capital": "", 
    "population": "45132", 
    "population_proper": "45132"
  }, 
  {
    "city": "Castleford", 
    "lat": "53.7160", 
    "lng": "-1.3560", 
    "country": "United Kingdom", 
    "iso2": "GB", 
    "admin_name": "Wakefield", 
    "capital": "", 
    "population": "45106", 
    "population_proper": "45106"
  }, 
  {
    "city": "Catford", 
    "lat": "51.4452", 
    "lng": "-0.0207", 
    "country": "United Kingdom", 
    "iso2": "GB", 
    "admin_name": "Lewisham", 
    "capital": "", 
    "population": "44905", 
    "population_proper": "44905"
  }, 
  {
    "city": "Worksop", 
    "lat": "53.3042", 
    "lng": "-1.1244", 
    "country": "United Kingdom", 
    "iso2": "GB", 
    "admin_name": "Nottinghamshire", 
    "capital": "", 
    "population": "44733", 
    "population_proper": "44733"
  }, 
  {
    "city": "Morley", 
    "lat": "53.7492", 
    "lng": "-1.6023", 
    "country": "United Kingdom", 
    "iso2": "GB", 
    "admin_name": "Leeds", 
    "capital": "", 
    "population": "44440", 
    "population_proper": "44440"
  }, 
  {
    "city": "Merthyr Tudful", 
    "lat": "51.7430", 
    "lng": "-3.3780", 
    "country": "United Kingdom", 
    "iso2": "GB", 
    "admin_name": "Merthyr Tydfil", 
    "capital": "", 
    "population": "43820", 
    "population_proper": "43820"
  }, 
  {
    "city": "Middleton", 
    "lat": "53.5550", 
    "lng": "-2.1870", 
    "country": "United Kingdom", 
    "iso2": "GB", 
    "admin_name": "Rochdale", 
    "capital": "", 
    "population": "42972", 
    "population_proper": "42972"
  }, 
  {
    "city": "Fleet", 
    "lat": "51.2834", 
    "lng": "-0.8456", 
    "country": "United Kingdom", 
    "iso2": "GB", 
    "admin_name": "Hampshire", 
    "capital": "", 
    "population": "42835", 
    "population_proper": "42835"
  }, 
  {
    "city": "Fareham", 
    "lat": "50.8500", 
    "lng": "-1.1800", 
    "country": "United Kingdom", 
    "iso2": "GB", 
    "admin_name": "Hampshire", 
    "capital": "", 
    "population": "42210", 
    "population_proper": "42210"
  }, 
  {
    "city": "Urmston", 
    "lat": "53.4487", 
    "lng": "-2.3747", 
    "country": "United Kingdom", 
    "iso2": "GB", 
    "admin_name": "Trafford", 
    "capital": "", 
    "population": "41825", 
    "population_proper": "41825"
  }, 
  {
    "city": "Sutton", 
    "lat": "51.3656", 
    "lng": "-0.1963", 
    "country": "United Kingdom", 
    "iso2": "GB", 
    "admin_name": "Sutton", 
    "capital": "", 
    "population": "41483", 
    "population_proper": "41483"
  }, 
  {
    "city": "Caerphilly", 
    "lat": "51.5780", 
    "lng": "-3.2180", 
    "country": "United Kingdom", 
    "iso2": "GB", 
    "admin_name": "Caerphilly", 
    "capital": "", 
    "population": "41402", 
    "population_proper": "41402"
  }, 
  {
    "city": "Bridgwater", 
    "lat": "51.1280", 
    "lng": "-2.9930", 
    "country": "United Kingdom", 
    "iso2": "GB", 
    "admin_name": "Somerset", 
    "capital": "", 
    "population": "41276", 
    "population_proper": "41276"
  }, 
  {
    "city": "Newbury", 
    "lat": "51.4010", 
    "lng": "-1.3230", 
    "country": "United Kingdom", 
    "iso2": "GB", 
    "admin_name": "West Berkshire", 
    "capital": "", 
    "population": "41075", 
    "population_proper": "41075"
  }, 
  {
    "city": "Welling", 
    "lat": "51.4594", 
    "lng": "0.1097", 
    "country": "United Kingdom", 
    "iso2": "GB", 
    "admin_name": "Bexley", 
    "capital": "", 
    "population": "41000", 
    "population_proper": "41000"
  }, 
  {
    "city": "Kingswood", 
    "lat": "51.4600", 
    "lng": "-2.5050", 
    "country": "United Kingdom", 
    "iso2": "GB", 
    "admin_name": "South Gloucestershire", 
    "capital": "", 
    "population": "40734", 
    "population_proper": "40734"
  }, 
  {
    "city": "Dunstable", 
    "lat": "51.8860", 
    "lng": "-0.5210", 
    "country": "United Kingdom", 
    "iso2": "GB", 
    "admin_name": "Central Bedfordshire", 
    "capital": "", 
    "population": "40699", 
    "population_proper": "40699"
  }, 
  {
    "city": "Ramsgate", 
    "lat": "51.3360", 
    "lng": "1.4160", 
    "country": "United Kingdom", 
    "iso2": "GB", 
    "admin_name": "Kent", 
    "capital": "", 
    "population": "40408", 
    "population_proper": "40408"
  }, 
  {
    "city": "Strood", 
    "lat": "51.3930", 
    "lng": "0.4780", 
    "country": "United Kingdom", 
    "iso2": "GB", 
    "admin_name": "Medway", 
    "capital": "", 
    "population": "40000", 
    "population_proper": "40000"
  }, 
  {
    "city": "Cleethorpes", 
    "lat": "53.5533", 
    "lng": "-0.0215", 
    "country": "United Kingdom", 
    "iso2": "GB", 
    "admin_name": "North East Lincolnshire", 
    "capital": "", 
    "population": "38996", 
    "population_proper": "38996"
  }, 
  {
    "city": "Pinner", 
    "lat": "51.5932", 
    "lng": "-0.3894", 
    "country": "United Kingdom", 
    "iso2": "GB", 
    "admin_name": "Harrow", 
    "capital": "", 
    "population": "38698", 
    "population_proper": "38698"
  }, 
  {
    "city": "Great Yarmouth", 
    "lat": "52.6060", 
    "lng": "1.7290", 
    "country": "United Kingdom", 
    "iso2": "GB", 
    "admin_name": "Norfolk", 
    "capital": "", 
    "population": "38693", 
    "population_proper": "38693"
  }, 
  {
    "city": "Ilkeston", 
    "lat": "52.9711", 
    "lng": "-1.3092", 
    "country": "United Kingdom", 
    "iso2": "GB", 
    "admin_name": "Derbyshire", 
    "capital": "", 
    "population": "38640", 
    "population_proper": "38640"
  }, 
  {
    "city": "Chorley", 
    "lat": "53.6530", 
    "lng": "-2.6320", 
    "country": "United Kingdom", 
    "iso2": "GB", 
    "admin_name": "Lancashire", 
    "capital": "", 
    "population": "38420", 
    "population_proper": "38420"
  }, 
  {
    "city": "Herne Bay", 
    "lat": "51.3700", 
    "lng": "1.1300", 
    "country": "United Kingdom", 
    "iso2": "GB", 
    "admin_name": "Kent", 
    "capital": "", 
    "population": "38385", 
    "population_proper": "38385"
  }, 
  {
    "city": "Bishops Stortford", 
    "lat": "51.8720", 
    "lng": "0.1725", 
    "country": "United Kingdom", 
    "iso2": "GB", 
    "admin_name": "Hertfordshire", 
    "capital": "", 
    "population": "38202", 
    "population_proper": "38202"
  }, 
  {
    "city": "Arnold", 
    "lat": "53.0050", 
    "lng": "-1.1270", 
    "country": "United Kingdom", 
    "iso2": "GB", 
    "admin_name": "Nottinghamshire", 
    "capital": "", 
    "population": "37768", 
    "population_proper": "37768"
  }, 
  {
    "city": "Coalville", 
    "lat": "52.7240", 
    "lng": "-1.3690", 
    "country": "United Kingdom", 
    "iso2": "GB", 
    "admin_name": "Leicestershire", 
    "capital": "", 
    "population": "37661", 
    "population_proper": "37661"
  }, 
  {
    "city": "Bletchley", 
    "lat": "51.9940", 
    "lng": "-0.7320", 
    "country": "United Kingdom", 
    "iso2": "GB", 
    "admin_name": "Milton Keynes", 
    "capital": "", 
    "population": "37520", 
    "population_proper": "37520"
  }, 
  {
    "city": "Leighton Buzzard", 
    "lat": "51.9165", 
    "lng": "-0.6617", 
    "country": "United Kingdom", 
    "iso2": "GB", 
    "admin_name": "Central Bedfordshire", 
    "capital": "", 
    "population": "37469", 
    "population_proper": "37469"
  }, 
  {
    "city": "Airdrie", 
    "lat": "55.8600", 
    "lng": "-3.9800", 
    "country": "United Kingdom", 
    "iso2": "GB", 
    "admin_name": "North Lanarkshire", 
    "capital": "", 
    "population": "37410", 
    "population_proper": "37410"
  }, 
  {
    "city": "Blyth", 
    "lat": "55.1260", 
    "lng": "-1.5140", 
    "country": "United Kingdom", 
    "iso2": "GB", 
    "admin_name": "Northumberland", 
    "capital": "", 
    "population": "37339", 
    "population_proper": "37339"
  }, 
  {
    "city": "Laindon", 
    "lat": "51.5740", 
    "lng": "0.4181", 
    "country": "United Kingdom", 
    "iso2": "GB", 
    "admin_name": "Essex", 
    "capital": "", 
    "population": "37175", 
    "population_proper": "37175"
  }, 
  {
    "city": "Llanelli", 
    "lat": "51.6840", 
    "lng": "-4.1630", 
    "country": "United Kingdom", 
    "iso2": "GB", 
    "admin_name": "Carmarthenshire", 
    "capital": "", 
    "population": "37050", 
    "population_proper": "37050"
  }, 
  {
    "city": "Beeston", 
    "lat": "52.9270", 
    "lng": "-1.2150", 
    "country": "United Kingdom", 
    "iso2": "GB", 
    "admin_name": "Nottinghamshire", 
    "capital": "", 
    "population": "37000", 
    "population_proper": "37000"
  }, 
  {
    "city": "Small Heath", 
    "lat": "52.4629", 
    "lng": "-1.8542", 
    "country": "United Kingdom", 
    "iso2": "GB", 
    "admin_name": "Birmingham", 
    "capital": "", 
    "population": "36898", 
    "population_proper": "36898"
  }, 
  {
    "city": "Whitley Bay", 
    "lat": "55.0456", 
    "lng": "-1.4443", 
    "country": "United Kingdom", 
    "iso2": "GB", 
    "admin_name": "North Tyneside", 
    "capital": "", 
    "population": "36623", 
    "population_proper": "36623"
  }, 
  {
    "city": "Denton", 
    "lat": "53.4554", 
    "lng": "-2.1122", 
    "country": "United Kingdom", 
    "iso2": "GB", 
    "admin_name": "Tameside", 
    "capital": "", 
    "population": "36591", 
    "population_proper": "36591"
  }, 
  {
    "city": "West Bridgford", 
    "lat": "52.9320", 
    "lng": "-1.1270", 
    "country": "United Kingdom", 
    "iso2": "GB", 
    "admin_name": "Nottinghamshire", 
    "capital": "", 
    "population": "36487", 
    "population_proper": "36487"
  }, 
  {
    "city": "Borehamwood", 
    "lat": "51.6578", 
    "lng": "-0.2722", 
    "country": "United Kingdom", 
    "iso2": "GB", 
    "admin_name": "Hertfordshire", 
    "capital": "", 
    "population": "36322", 
    "population_proper": "36322"
  }, 
  {
    "city": "Falkirk", 
    "lat": "56.0011", 
    "lng": "-3.7835", 
    "country": "United Kingdom", 
    "iso2": "GB", 
    "admin_name": "Falkirk", 
    "capital": "", 
    "population": "35850", 
    "population_proper": "35850"
  }, 
  {
    "city": "Walkden", 
    "lat": "53.5239", 
    "lng": "-2.3991", 
    "country": "United Kingdom", 
    "iso2": "GB", 
    "admin_name": "Salford", 
    "capital": "", 
    "population": "35616", 
    "population_proper": "35616"
  }, 
  {
    "city": "Kenton", 
    "lat": "51.5878", 
    "lng": "-0.3086", 
    "country": "United Kingdom", 
    "iso2": "GB", 
    "admin_name": "Brent", 
    "capital": "", 
    "population": "35600", 
    "population_proper": "35600"
  }, 
  {
    "city": "Bridlington", 
    "lat": "54.0819", 
    "lng": "-0.1923", 
    "country": "United Kingdom", 
    "iso2": "GB", 
    "admin_name": "East Riding of Yorkshire", 
    "capital": "", 
    "population": "35264", 
    "population_proper": "35264"
  }, 
  {
    "city": "Billingham", 
    "lat": "54.6100", 
    "lng": "-1.2700", 
    "country": "United Kingdom", 
    "iso2": "GB", 
    "admin_name": "Stockton-on-Tees", 
    "capital": "", 
    "population": "35165", 
    "population_proper": "35165"
  }, 
  {
    "city": "Grantham", 
    "lat": "52.9180", 
    "lng": "-0.6380", 
    "country": "United Kingdom", 
    "iso2": "GB", 
    "admin_name": "Lincolnshire", 
    "capital": "", 
    "population": "34592", 
    "population_proper": "34592"
  }, 
  {
    "city": "North Shields", 
    "lat": "55.0097", 
    "lng": "-1.4448", 
    "country": "United Kingdom", 
    "iso2": "GB", 
    "admin_name": "North Tyneside", 
    "capital": "", 
    "population": "34423", 
    "population_proper": "34423"
  }, 
  {
    "city": "Hitchin", 
    "lat": "51.9470", 
    "lng": "-0.2830", 
    "country": "United Kingdom", 
    "iso2": "GB", 
    "admin_name": "Hertfordshire", 
    "capital": "", 
    "population": "34266", 
    "population_proper": "34266"
  }, 
  {
    "city": "Spalding", 
    "lat": "52.7858", 
    "lng": "-0.1529", 
    "country": "United Kingdom", 
    "iso2": "GB", 
    "admin_name": "Lincolnshire", 
    "capital": "", 
    "population": "34113", 
    "population_proper": "34113"
  }, 
  {
    "city": "Rainham", 
    "lat": "51.3600", 
    "lng": "0.6100", 
    "country": "United Kingdom", 
    "iso2": "GB", 
    "admin_name": "Medway", 
    "capital": "", 
    "population": "34088", 
    "population_proper": "34088"
  }, 
  {
    "city": "Letchworth", 
    "lat": "51.9780", 
    "lng": "-0.2300", 
    "country": "United Kingdom", 
    "iso2": "GB", 
    "admin_name": "Hertfordshire", 
    "capital": "", 
    "population": "33986", 
    "population_proper": "33986"
  }, 
  {
    "city": "Wickford", 
    "lat": "51.6114", 
    "lng": "0.5207", 
    "country": "United Kingdom", 
    "iso2": "GB", 
    "admin_name": "Essex", 
    "capital": "", 
    "population": "33486", 
    "population_proper": "33486"
  }, 
  {
    "city": "Huyton", 
    "lat": "53.4111", 
    "lng": "-2.8403", 
    "country": "United Kingdom", 
    "iso2": "GB", 
    "admin_name": "Knowsley", 
    "capital": "", 
    "population": "33193", 
    "population_proper": "33193"
  }, 
  {
    "city": "Abingdon", 
    "lat": "51.6717", 
    "lng": "-1.2783", 
    "country": "United Kingdom", 
    "iso2": "GB", 
    "admin_name": "Oxfordshire", 
    "capital": "", 
    "population": "33130", 
    "population_proper": "33130"
  }, 
  {
    "city": "Trowbridge", 
    "lat": "51.3200", 
    "lng": "-2.2080", 
    "country": "United Kingdom", 
    "iso2": "GB", 
    "admin_name": "Wiltshire", 
    "capital": "", 
    "population": "33108", 
    "population_proper": "33108"
  }, 
  {
    "city": "Wigston Magna", 
    "lat": "52.5812", 
    "lng": "-1.0930", 
    "country": "United Kingdom", 
    "iso2": "GB", 
    "admin_name": "Leicestershire", 
    "capital": "", 
    "population": "32321", 
    "population_proper": "32321"
  }, 
  {
    "city": "Didcot", 
    "lat": "51.6060", 
    "lng": "-1.2410", 
    "country": "United Kingdom", 
    "iso2": "GB", 
    "admin_name": "Oxfordshire", 
    "capital": "", 
    "population": "32183", 
    "population_proper": "32183"
  }, 
  {
    "city": "Earley", 
    "lat": "51.4330", 
    "lng": "-0.9330", 
    "country": "United Kingdom", 
    "iso2": "GB", 
    "admin_name": "Wokingham", 
    "capital": "", 
    "population": "32036", 
    "population_proper": "32036"
  }, 
  {
    "city": "Bexleyheath", 
    "lat": "51.4590", 
    "lng": "0.1380", 
    "country": "United Kingdom", 
    "iso2": "GB", 
    "admin_name": "Bexley", 
    "capital": "", 
    "population": "31929", 
    "population_proper": "31929"
  }, 
  {
    "city": "Ecclesfield", 
    "lat": "53.4429", 
    "lng": "-1.4698", 
    "country": "United Kingdom", 
    "iso2": "GB", 
    "admin_name": "Sheffield", 
    "capital": "", 
    "population": "31609", 
    "population_proper": "31609"
  }, 
  {
    "city": "Darwen", 
    "lat": "53.6980", 
    "lng": "-2.4610", 
    "country": "United Kingdom", 
    "iso2": "GB", 
    "admin_name": "Blackburn with Darwen", 
    "capital": "", 
    "population": "31570", 
    "population_proper": "31570"
  }, 
  {
    "city": "Prestwich", 
    "lat": "53.5333", 
    "lng": "-2.2833", 
    "country": "United Kingdom", 
    "iso2": "GB", 
    "admin_name": "Bury", 
    "capital": "", 
    "population": "31500", 
    "population_proper": "31500"
  }, 
  {
    "city": "Pontypridd", 
    "lat": "51.6020", 
    "lng": "-3.3420", 
    "country": "United Kingdom", 
    "iso2": "GB", 
    "admin_name": "Rhondda Cynon Taff", 
    "capital": "", 
    "population": "31206", 
    "population_proper": "31206"
  }, 
  {
    "city": "Rutherglen", 
    "lat": "55.8280", 
    "lng": "-4.2140", 
    "country": "United Kingdom", 
    "iso2": "GB", 
    "admin_name": "Glasgow City", 
    "capital": "", 
    "population": "31190", 
    "population_proper": "31190"
  }, 
  {
    "city": "Dover", 
    "lat": "51.1295", 
    "lng": "1.3089", 
    "country": "United Kingdom", 
    "iso2": "GB", 
    "admin_name": "Kent", 
    "capital": "", 
    "population": "31022", 
    "population_proper": "31022"
  }, 
  {
    "city": "Chichester", 
    "lat": "50.8365", 
    "lng": "-0.7792", 
    "country": "United Kingdom", 
    "iso2": "GB", 
    "admin_name": "West Sussex", 
    "capital": "", 
    "population": "30925", 
    "population_proper": "30925"
  }, 
  {
    "city": "Deal", 
    "lat": "51.2226", 
    "lng": "1.4006", 
    "country": "United Kingdom", 
    "iso2": "GB", 
    "admin_name": "Kent", 
    "capital": "", 
    "population": "30917", 
    "population_proper": "30917"
  }, 
  {
    "city": "Bicester", 
    "lat": "51.9000", 
    "lng": "-1.1500", 
    "country": "United Kingdom", 
    "iso2": "GB", 
    "admin_name": "Oxfordshire", 
    "capital": "", 
    "population": "30854", 
    "population_proper": "30854"
  }, 
  {
    "city": "Northolt", 
    "lat": "51.5467", 
    "lng": "-0.3700", 
    "country": "United Kingdom", 
    "iso2": "GB", 
    "admin_name": "Ealing", 
    "capital": "", 
    "population": "30304", 
    "population_proper": "30304"
  }, 
  {
    "city": "Wishaw", 
    "lat": "55.7742", 
    "lng": "-3.9183", 
    "country": "United Kingdom", 
    "iso2": "GB", 
    "admin_name": "North Lanarkshire", 
    "capital": "", 
    "population": "30290", 
    "population_proper": "30290"
  }, 
  {
    "city": "Carshalton", 
    "lat": "51.3652", 
    "lng": "-0.1676", 
    "country": "United Kingdom", 
    "iso2": "GB", 
    "admin_name": "Sutton", 
    "capital": "", 
    "population": "29917", 
    "population_proper": "29917"
  }, 
  {
    "city": "Bulwell", 
    "lat": "53.0010", 
    "lng": "-1.1970", 
    "country": "United Kingdom", 
    "iso2": "GB", 
    "admin_name": "Nottingham", 
    "capital": "", 
    "population": "29771", 
    "population_proper": "29771"
  }, 
  {
    "city": "Newtownards", 
    "lat": "54.5910", 
    "lng": "-5.6800", 
    "country": "United Kingdom", 
    "iso2": "GB", 
    "admin_name": "Ards and North Down", 
    "capital": "", 
    "population": "29677", 
    "population_proper": "29677"
  }, 
  {
    "city": "Kendal", 
    "lat": "54.3260", 
    "lng": "-2.7450", 
    "country": "United Kingdom", 
    "iso2": "GB", 
    "admin_name": "Cumbria", 
    "capital": "", 
    "population": "29593", 
    "population_proper": "29593"
  }, 
  {
    "city": "Cramlington", 
    "lat": "55.0820", 
    "lng": "-1.5850", 
    "country": "United Kingdom", 
    "iso2": "GB", 
    "admin_name": "Northumberland", 
    "capital": "", 
    "population": "29405", 
    "population_proper": "29405"
  }, 
  {
    "city": "Bromsgrove", 
    "lat": "52.3353", 
    "lng": "-2.0579", 
    "country": "United Kingdom", 
    "iso2": "GB", 
    "admin_name": "Worcestershire", 
    "capital": "", 
    "population": "29237", 
    "population_proper": "29237"
  }, 
  {
    "city": "Pont-y-pl", 
    "lat": "51.7030", 
    "lng": "-3.0410", 
    "country": "United Kingdom", 
    "iso2": "GB", 
    "admin_name": "Torfaen", 
    "capital": "", 
    "population": "29062", 
    "population_proper": "29062"
  }, 
  {
    "city": "Hanwell", 
    "lat": "51.5090", 
    "lng": "-0.3380", 
    "country": "United Kingdom", 
    "iso2": "GB", 
    "admin_name": "Ealing", 
    "capital": "", 
    "population": "28768", 
    "population_proper": "28768"
  }, 
  {
    "city": "Frome", 
    "lat": "51.2279", 
    "lng": "-2.3215", 
    "country": "United Kingdom", 
    "iso2": "GB", 
    "admin_name": "Somerset", 
    "capital": "", 
    "population": "28559", 
    "population_proper": "28559"
  }, 
  {
    "city": "Wood Green", 
    "lat": "51.5981", 
    "lng": "-0.1149", 
    "country": "United Kingdom", 
    "iso2": "GB", 
    "admin_name": "Haringey", 
    "capital": "", 
    "population": "28453", 
    "population_proper": "28453"
  }, 
  {
    "city": "Darlaston", 
    "lat": "52.5708", 
    "lng": "-2.0457", 
    "country": "United Kingdom", 
    "iso2": "GB", 
    "admin_name": "Walsall", 
    "capital": "", 
    "population": "27821", 
    "population_proper": "27821"
  }, 
  {
    "city": "Ashington", 
    "lat": "55.1810", 
    "lng": "-1.5680", 
    "country": "United Kingdom", 
    "iso2": "GB", 
    "admin_name": "Northumberland", 
    "capital": "", 
    "population": "27764", 
    "population_proper": "27764"
  }, 
  {
    "city": "Longton", 
    "lat": "52.9877", 
    "lng": "-2.1327", 
    "country": "United Kingdom", 
    "iso2": "GB", 
    "admin_name": "Stoke-on-Trent", 
    "capital": "", 
    "population": "27214", 
    "population_proper": "27214"
  }, 
  {
    "city": "Melton Mowbray", 
    "lat": "52.7661", 
    "lng": "-0.8860", 
    "country": "United Kingdom", 
    "iso2": "GB", 
    "admin_name": "Leicestershire", 
    "capital": "", 
    "population": "27158", 
    "population_proper": "27158"
  }, 
  {
    "city": "Aldridge", 
    "lat": "52.6060", 
    "lng": "-1.9179", 
    "country": "United Kingdom", 
    "iso2": "GB", 
    "admin_name": "Walsall", 
    "capital": "", 
    "population": "26988", 
    "population_proper": "26988"
  }, 
  {
    "city": "Farnworth", 
    "lat": "53.5452", 
    "lng": "-2.3999", 
    "country": "United Kingdom", 
    "iso2": "GB", 
    "admin_name": "Bolton", 
    "capital": "", 
    "population": "26939", 
    "population_proper": "26939"
  }, 
  {
    "city": "Highbury", 
    "lat": "51.5520", 
    "lng": "-0.0970", 
    "country": "United Kingdom", 
    "iso2": "GB", 
    "admin_name": "Islington", 
    "capital": "", 
    "population": "26664", 
    "population_proper": "26664"
  }, 
  {
    "city": "Cheadle Hulme", 
    "lat": "53.3761", 
    "lng": "-2.1897", 
    "country": "United Kingdom", 
    "iso2": "GB", 
    "admin_name": "Stockport", 
    "capital": "", 
    "population": "26479", 
    "population_proper": "26479"
  }, 
  {
    "city": "Newton Aycliffe", 
    "lat": "54.6200", 
    "lng": "-1.5800", 
    "country": "United Kingdom", 
    "iso2": "GB", 
    "admin_name": "Durham", 
    "capital": "", 
    "population": "26415", 
    "population_proper": "26415"
  }, 
  {
    "city": "Bournville", 
    "lat": "52.4299", 
    "lng": "-1.9355", 
    "country": "United Kingdom", 
    "iso2": "GB", 
    "admin_name": "Birmingham", 
    "capital": "", 
    "population": "25938", 
    "population_proper": "25938"
  }, 
  {
    "city": "Shenley Brook End", 
    "lat": "52.0090", 
    "lng": "-0.7890", 
    "country": "United Kingdom", 
    "iso2": "GB", 
    "admin_name": "Milton Keynes", 
    "capital": "", 
    "population": "25828", 
    "population_proper": "25828"
  }, 
  {
    "city": "Consett", 
    "lat": "54.8500", 
    "lng": "-1.8300", 
    "country": "United Kingdom", 
    "iso2": "GB", 
    "admin_name": "Durham", 
    "capital": "", 
    "population": "25812", 
    "population_proper": "25812"
  }, 
  {
    "city": "Coulsdon", 
    "lat": "51.3211", 
    "lng": "-0.1386", 
    "country": "United Kingdom", 
    "iso2": "GB", 
    "admin_name": "Croydon", 
    "capital": "", 
    "population": "25695", 
    "population_proper": "25695"
  }, 
  {
    "city": "Bilston", 
    "lat": "52.5660", 
    "lng": "-2.0728", 
    "country": "United Kingdom", 
    "iso2": "GB", 
    "admin_name": "Wolverhampton", 
    "capital": "", 
    "population": "25576", 
    "population_proper": "25576"
  }, 
  {
    "city": "Wellington", 
    "lat": "52.7001", 
    "lng": "-2.5157", 
    "country": "United Kingdom", 
    "iso2": "GB", 
    "admin_name": "Telford and Wrekin", 
    "capital": "", 
    "population": "25554", 
    "population_proper": "25554"
  }, 
  {
    "city": "Bishop Auckland", 
    "lat": "54.6630", 
    "lng": "-1.6760", 
    "country": "United Kingdom", 
    "iso2": "GB", 
    "admin_name": "Durham", 
    "capital": "", 
    "population": "25455", 
    "population_proper": "25455"
  }, 
  {
    "city": "Longbridge", 
    "lat": "52.3950", 
    "lng": "-1.9790", 
    "country": "United Kingdom", 
    "iso2": "GB", 
    "admin_name": "Birmingham", 
    "capital": "", 
    "population": "25410", 
    "population_proper": "25410"
  }, 
  {
    "city": "Bloxwich", 
    "lat": "52.6140", 
    "lng": "-2.0040", 
    "country": "United Kingdom", 
    "iso2": "GB", 
    "admin_name": "Walsall", 
    "capital": "", 
    "population": "25401", 
    "population_proper": "25401"
  }, 
  {
    "city": "Upminster", 
    "lat": "51.5557", 
    "lng": "0.2512", 
    "country": "United Kingdom", 
    "iso2": "GB", 
    "admin_name": "Havering", 
    "capital": "", 
    "population": "25361", 
    "population_proper": "25361"
  }, 
  {
    "city": "Rhyl", 
    "lat": "53.3210", 
    "lng": "-3.4800", 
    "country": "United Kingdom", 
    "iso2": "GB", 
    "admin_name": "Denbighshire", 
    "capital": "", 
    "population": "25149", 
    "population_proper": "25149"
  }, 
  {
    "city": "Droitwich", 
    "lat": "52.2670", 
    "lng": "-2.1530", 
    "country": "United Kingdom", 
    "iso2": "GB", 
    "admin_name": "Worcestershire", 
    "capital": "", 
    "population": "25027", 
    "population_proper": "25027"
  }, 
  {
    "city": "Hindley", 
    "lat": "53.5355", 
    "lng": "-2.5658", 
    "country": "United Kingdom", 
    "iso2": "GB", 
    "admin_name": "Wigan", 
    "capital": "", 
    "population": "25001", 
    "population_proper": "25001"
  }, 
  {
    "city": "Westhoughton", 
    "lat": "53.5490", 
    "lng": "-2.5290", 
    "country": "United Kingdom", 
    "iso2": "GB", 
    "admin_name": "Bolton", 
    "capital": "", 
    "population": "24974", 
    "population_proper": "24974"
  }, 
  {
    "city": "Broadstairs", 
    "lat": "51.3589", 
    "lng": "1.4394", 
    "country": "United Kingdom", 
    "iso2": "GB", 
    "admin_name": "Kent", 
    "capital": "", 
    "population": "24903", 
    "population_proper": "24903"
  }
]